https://www.mepits.com/tutorial/581/Trending-Technologies/PROGRAMMABLE-SYSTEM-ON-CHIP, PROGRAMMABLE SYSTEM ON CHIP,,
https://www.mepits.com/tutorial/579/Electrical/MPPT-or-PWM???-Which-is-better??, MPPT or PWM??? Which is better??,,
https://www.mepits.com/tutorial/580/3D-Printing/3D-Modelling-using-Tinkercad, 3D Modelling using Tinkercad,,
https://www.mepits.com/tutorial/578/Video-Tutorials/Automatic-Irrigation-System, Automatic Irrigation System,,
https://www.mepits.com/tutorial/577/PIC/FINITE-STATE-MACHINE-(FSM), FINITE STATE MACHINE (FSM),,
https://www.mepits.com/tutorial/576/Arduino/Using-Free-RTOS-multi-tasking-in-Arduino, Using Free RTOS multi-tasking in Arduino,,
https://www.mepits.com/tutorial/575/Trending-Technologies/LoRa---Trending-Wireless-Technology, LoRa - Trending Wireless Technology,,
https://www.mepits.com/tutorial/573/PIC/PULSE-WIDTH-MODULATION-(PWM)-WITHOUT-PWM-MODULE, PULSE WIDTH MODULATION (PWM) WITHOUT PWM MODULE,,
https://www.mepits.com/tutorial/572/Internet-of-Things-(IoT)/INTERNET-OF-THINGS--THE-TRENDING-TECHNOLOGY, INTERNET OF THINGS- THE TRENDING TECHNOLOGY,,
https://www.mepits.com/tutorial/506/Raspberry-Pi/What-is-Raspberry-Pi-?-Raspberry-Pi-Tutorial-Part-1, What is Raspberry Pi ? Raspberry Pi Tutorial Part 1,,
https://www.mepits.com/tutorial/502/Trending-Technologies/3D-Printer, 3D Printer,,
https://www.mepits.com/tutorial/516/Biomedical/How-to-record-your-dreams, How to record your dreams,,
https://www.mepits.com/tutorial/526/Wireless/NailO---The-Wireless-Track-pad, NailO - The Wireless Track pad,,
https://www.mepits.com/tutorial/567/Trending-Technologies/ENERGY-HARVESTING-WITH-BACTERIA, ENERGY HARVESTING WITH BACTERIA,,
https://www.mepits.com/tutorial/539/Biomedical/Implantable-Electronics:-A-Futuristic-in-the-Field-of-Medicine, Implantable Electronics: A Futuristic in the Field of Medicine,,
https://www.mepits.com/tutorial/568/Trending-Technologies/VIRTUAL-REALITY-HEADSET, VIRTUAL REALITY HEADSET,,
https://www.mepits.com/tutorial/566/Arduino/How-to-interface-Arduino-with-Water-Sensor, How to interface Arduino with Water Sensor,,
https://www.mepits.com/tutorial/565/Arduino/How-to-interface-Arduino-with-Relay-and-MIC, How to interface Arduino with Relay and MIC,,
https://www.mepits.com/tutorial/564/Arduino/How-to-interface-Arduino-with-HexKeypad, How to interface Arduino with HexKeypad,,
https://www.mepits.com/tutorial/563/Arduino/How-to-interface-Arduino-with-KY-023-Joystick, How to interface Arduino with KY-023 Joystick,,
https://www.mepits.com/tutorial/562/Arduino/How-to-interface-Arduino-with-NFD-5641AX-four-digit-seven-segment-display, How to interface Arduino with NFD-5641AX four digit seven segment display,,
https://www.mepits.com/tutorial/561/Arduino/How-to-interface-Arduino-with-SZ2107889-dot-matrix-board, How to interface Arduino with SZ2107889 dot matrix board,,
https://www.mepits.com/tutorial/560/Arduino/How-to-interface-Arduino-with-DHT11-Humidity-Sensor, How to interface Arduino with DHT11 Humidity Sensor,,
https://www.mepits.com/tutorial/559/Arduino/How-to-interface-Arduino-with-7-segment-display, How to interface Arduino with 7 segment display,,
https://www.mepits.com/tutorial/557/Electrical/ENERGY-HARVESTING-WITH-TORNADO, ENERGY HARVESTING WITH TORNADO,,
https://www.mepits.com/tutorial/555/Electrical/ELECTRICAL-PROTECTION-DEVICES, ELECTRICAL PROTECTION DEVICES,,
https://www.mepits.com/tutorial/554/Arduino/MEPROBOUNO-ROBOT-CONTROLLER, MEPROBOUNO ROBOT CONTROLLER,,
https://www.mepits.com/tutorial/553/ARM/How-to-Interface-UART-with-ARM-(STM32F103VBT6), How to Interface UART with ARM (STM32F103VBT6),,
https://www.mepits.com/tutorial/552/Electrical/SOLAR-INVERTERS, SOLAR INVERTERS,,
https://www.mepits.com/tutorial/551/ARM/How-to-interface-ARM-with-LED-(Timer-Interrupt), How to interface ARM with LED (Timer Interrupt),,
https://www.mepits.com/tutorial/550/ARM/How-to-interface-LED-with-ARM-(STM32F103VBT6), How to interface LED with ARM (STM32F103VBT6),,
https://www.mepits.com/tutorial/549/Arduino/How-to-interface-Arduino-UART, How to interface Arduino UART,,
https://www.mepits.com/tutorial/548/Arduino/How-to-interface-Arduino-with-Bluetooth, How to interface Arduino with Bluetooth,,
https://www.mepits.com/tutorial/547/Arduino/How-to-interface-Arduino-with-Servomotor, How to interface Arduino with Servomotor,,
https://www.mepits.com/tutorial/546/Arduino/How-to-interface-Arduino-with-DC-Motor, How to interface Arduino with DC Motor,,
https://www.mepits.com/tutorial/545/Arduino/How-to-interface-sensors-with-Arduino, How to interface sensors with Arduino,,
https://www.mepits.com/tutorial/544/Arduino/How-to-interface-LED-with-Arduino, How to interface LED with Arduino,,
https://www.mepits.com/tutorial/543/Matlab/MATLAB-GUI-TUTORIAL, MATLAB GUI TUTORIAL,,
https://www.mepits.com/tutorial/540/ARM/How-to-interface-LCD-with-ARM, How to interface LCD with ARM,,
https://www.mepits.com/tutorial/538/VLSI/VHDL-Tutorial, VHDL Tutorial,,
https://www.mepits.com/tutorial/536/Electrical/Power-Line-Carrier-Communication, Power Line Carrier Communication,,
https://www.mepits.com/tutorial/535/Trending-Technologies/Wireless-Vision-Technology, Wireless Vision Technology,,
https://www.mepits.com/tutorial/534/Active-Component/Diodes, Diodes,,
https://www.mepits.com/tutorial/532/Raspberry-Pi/Arduino-or-Raspberry-pi:-Which-is-the-Right-DIY-platform-for-you?, Arduino or Raspberry pi: Which is the Right DIY platform for you?,,
https://www.mepits.com/tutorial/531/Communication/GPS, GPS,,
https://www.mepits.com/tutorial/530/New-Technology/BeagleBone-Black-Development-Board, BeagleBone Black Development Board,,
"https://www.mepits.com/tutorial/529/Basic-Electronics/Talk-By-Lighting,-Telegraph", Talk By Lighting, Telegraph,
https://www.mepits.com/tutorial/528/Trending-Technologies/Veggie-Quality-Tester, Veggie Quality Tester,,
https://www.mepits.com/tutorial/527/Electrical/A-New-Paradigm-for-Ocean-Energy-Extraction, A New Paradigm for Ocean Energy Extraction,,
https://www.mepits.com/tutorial/525/Trending-Technologies/Make-way-for-the---Transparent-Car!, Make way for the - Transparent Car!,,
https://www.mepits.com/tutorial/524/Raspberry-Pi/A-Raspberry-Pi-Arduino-Add-On-Board---The-RasPiO-Duino, A Raspberry Pi Arduino Add On Board - The RasPiO Duino,,
https://www.mepits.com/tutorial/523/Trending-Technologies/4D-Printing, 4D Printing,,
https://www.mepits.com/tutorial/522/Electrical/How-to-Make-a-Battery-Using-Cola-Can, How to Make a Battery Using Cola Can,,
https://www.mepits.com/tutorial/521/Electrical/All-about-Intel-Edison-Development-board, All about Intel Edison Development board,,
https://www.mepits.com/tutorial/520/Arduino/What-is-RFduino?, What is RFduino?,,
https://www.mepits.com/tutorial/519/Trending-Technologies/Top-10-Latest-Technologies-Around-the-World, Top 10 Latest Technologies Around the World,,
https://www.mepits.com/tutorial/518/Trending-Technologies/Finger-Vein-Technology-Replacing-ATM-Cards, Finger Vein Technology Replacing ATM Cards,,
https://www.mepits.com/tutorial/517/Biomedical/Germ-Zapping-Robot-Could-Fight-Ebola-and-Other-Deadly-Viruses, Germ-Zapping Robot Could Fight Ebola and Other Deadly Viruses,,
https://www.mepits.com/tutorial/515/Trending-Technologies/How-a-3D-Printer-Works-With-a-Revolutionary-Mechanism, How a 3D Printer Works With a Revolutionary Mechanism,,
https://www.mepits.com/tutorial/514/Trending-Technologies/Future-of-Glass-Technology-is-coming-soon, Future of Glass Technology is coming soon,,
"https://www.mepits.com/tutorial/513/Biomedical/With-Electronic-Telepathy-and-Electronic-telepathy-Tattoos,-Your-future-is-bright", With Electronic Telepathy and Electronic telepathy Tattoos, Your future is bright,
https://www.mepits.com/tutorial/512/Trending-Technologies/Two-Sided-Transparent-Touchscreens, Two Sided Transparent Touchscreens,,
https://www.mepits.com/tutorial/511/Nanotechnology/Nano-Pixel-Display-, Nano Pixel Display,,
https://www.mepits.com/tutorial/510/Trending-Technologies/Wearable-Computers-, Wearable Computers,,
https://www.mepits.com/tutorial/509/Wireless/Flying-Car, Flying Car,,
https://www.mepits.com/tutorial/508/Robotics/Humanoid-Robots, Humanoid Robots,,
https://www.mepits.com/tutorial/507/Trending-Technologies/Eye-Tap, Eye Tap,,
https://www.mepits.com/tutorial/505/Trending-Technologies/Touch-Screen-Technology---How-it-works-and-Different-Types, Touch Screen Technology - How it works and Different Types,,
https://www.mepits.com/tutorial/504/Trending-Technologies/Skinput, Skinput,,
https://www.mepits.com/tutorial/503/Trending-Technologies/Wearable-Technology---Google-Smart-Lens, Wearable Technology - Google Smart Lens,,
https://www.mepits.com/tutorial/501/Trending-Technologies/Google-Glass-Wearable-Technology, Google Glass-Wearable Technology,,
https://www.mepits.com/tutorial/500/Trending-Technologies/inFORM:-Interacting-With-a-Dynamic-Shape-Display, inFORM: Interacting With a Dynamic Shape Display,,
https://www.mepits.com/tutorial/499/Basic-Electronics/Propeller-Clock, Propeller Clock,,
https://www.mepits.com/tutorial/498/Robotics/Mind-Controlled-Robot, Mind Controlled Robot,,
https://www.mepits.com/tutorial/497/Electrical/Electrical-Earthing/Grounding, Electrical Earthing/Grounding,,
https://www.mepits.com/tutorial/496/Trending-Technologies/Electric-Cars--Changing-the-Shape-of-a-Sustainable-Future, Electric Cars- Changing the Shape of a Sustainable Future,,
https://www.mepits.com/tutorial/495/Electrical/Spray-Technology-to-Create-Solar-Panels, Spray Technology to Create Solar Panels,,
https://www.mepits.com/tutorial/494/Trending-Technologies/Grating-Light-Valve-Display-Technology, Grating Light Valve Display Technology,,
"https://www.mepits.com/tutorial/493/Trending-Technologies/Electronic-Paper,-An-Innovation-In-Paperback-World", Electronic Paper, An Innovation In Paperback World,
https://www.mepits.com/tutorial/492/Android/How-to-extend-Android-Smartphone-Battery-Life, How to extend Android Smartphone Battery Life,,
https://www.mepits.com/tutorial/491/Trending-Technologies/Invisible-Bike-Helmet, Invisible Bike Helmet,,
https://www.mepits.com/tutorial/490/Trending-Technologies/Blu-ray-Disc-, Blu-ray Disc,,
https://www.mepits.com/tutorial/489/Biomedical/Finger-Reader-Reads-Printed-Text-Aloud-for-visually-impaired-persons--Talk-to-the-Hand--, Finger Reader Reads Printed Text Aloud for visually impaired persons -Talk to the Hand,,
https://www.mepits.com/tutorial/488/Biomedical/Smart-Bandage, Smart Bandage,,
https://www.mepits.com/tutorial/487/Trending-Technologies/Windows-10, Windows 10,,
https://www.mepits.com/tutorial/486/Robotics/Machine-Vision, Machine Vision,,
https://www.mepits.com/tutorial/485/Trending-Technologies/Teslasuit:-real-gaming-experience, Teslasuit: real gaming experience,,
https://www.mepits.com/tutorial/484/Biomedical/Brain-mapping, Brain mapping,,
https://www.mepits.com/tutorial/483/Biomedical/Bioprinting, Bioprinting,,
https://www.mepits.com/tutorial/482/Nanotechnology/Current-and-Future-Applications-of-Carbon-Nanotubes, Current and Future Applications of Carbon Nanotubes,,
https://www.mepits.com/tutorial/481/Electrical/Power-Factor-Correction, Power Factor Correction,,
https://www.mepits.com/tutorial/479/Latest-Technologies/Nanowire-Battery, Nanowire Battery,,
https://www.mepits.com/tutorial/478/Latest-Technologies/Nantenna, Nantenna,,
https://www.mepits.com/tutorial/477/Electrical/Aircraft-Electrical-System, Aircraft Electrical System,,
https://www.mepits.com/tutorial/476/Trending-Technologies/Intel-Curie-, Intel Curie,,
https://www.mepits.com/tutorial/473/Latest-Technologies/Chewing-Gum-as-Sensors, Chewing Gum as Sensors,,
https://www.mepits.com/tutorial/472/Electrical/Electric-Fuse, Electric Fuse,,
https://www.mepits.com/tutorial/471/Latest-Technologies/Telemedicine, Telemedicine,,
https://www.mepits.com/tutorial/469/Latest-Technologies/Acoustic-Tweezers, Acoustic Tweezers,,
https://www.mepits.com/tutorial/468/DSP/Eyeglass-Free-Display, Eyeglass Free Display,,
https://www.mepits.com/tutorial/467/Nanotechnology/Power-Paper:-Paper-that-store-electricity, Power Paper: Paper that store electricity,,
https://www.mepits.com/tutorial/466/Trending-Technologies/Gravity-to-Energy:-A-New-Concept%E2%80%A6, Gravity to Energy: A New Concept…,,
https://www.mepits.com/tutorial/461/Electrical/Heat-Exchangers, Heat Exchangers,,
https://www.mepits.com/tutorial/460/Electrical/Solar-Concentrators-, Solar Concentrators,,
https://www.mepits.com/tutorial/459/Electrical/Maximum-Power-Point-Tracking-(MPPT), Maximum Power Point Tracking (MPPT),,
https://www.mepits.com/tutorial/458/Raspberry-Pi/New-Raspberry-Pi-Zero-, New Raspberry-Pi Zero,,
https://www.mepits.com/tutorial/457/Electrical/Solar-Flat-Plate-Collectors, Solar Flat Plate Collectors,,
https://www.mepits.com/tutorial/456/Electrical/Solar-Pond, Solar Pond,,
https://www.mepits.com/tutorial/455/Electrical/Solar-Cooker, Solar Cooker,,
https://www.mepits.com/tutorial/454/Trending-Technologies/RedTacton-Technology, RedTacton Technology,,
https://www.mepits.com/tutorial/453/Basic-Electronics/Basic-terms-in-lighting-system, Basic terms in lighting system,,
https://www.mepits.com/tutorial/452/Trending-Technologies/Sniffer-for-Detecting-Lost-Mobiles, Sniffer for Detecting Lost Mobiles,,
https://www.mepits.com/tutorial/451/Basic-Electronics/Fuel-Cell, Fuel Cell,,
https://www.mepits.com/tutorial/450/Electrical/Daylight-Integration-with-Lighting-system, Daylight Integration with Lighting system,,
https://www.mepits.com/tutorial/449/Electrical/Broadband-over-Powerlines, Broadband over Powerlines,,
https://www.mepits.com/tutorial/447/Electrical/Demand-Side-Management-Tutorial, Demand Side Management Tutorial,,
https://www.mepits.com/tutorial/446/New-Technology/Psychoacoustics, Psychoacoustics,,
https://www.mepits.com/tutorial/444/Embedded-System/-VxWorks-and-RTLinux-RTOS, VxWorks and RTLinux RTOS,,
https://www.mepits.com/tutorial/443/Basic-Electronics/LED-Lighting, LED Lighting,,
https://www.mepits.com/tutorial/442/Communication/Firewire, Firewire,,
https://www.mepits.com/tutorial/439/Active-Component/Diode--Types, Diode- Types,,
https://www.mepits.com/tutorial/432/Active-Component/Bilayer-Graphene-Transistor, Bilayer Graphene Transistor,,
https://www.mepits.com/tutorial/431/PIC/Introduction-to-PIC16F877, Introduction to PIC16F877,,
https://www.mepits.com/tutorial/430/Raspberry-Pi/Solar-Powered-Raspberry-Pi, Solar Powered Raspberry Pi,,
https://www.mepits.com/tutorial/429/Active-Component/How-to-code-SMD-Capacitors?, How to code SMD Capacitors?,,
https://www.mepits.com/tutorial/428/Trending-Technologies/Blue-Brain-, Blue Brain,,
https://www.mepits.com/tutorial/427/Basic-Electronics/PCB-Design-Ideas-with-EAGLE, PCB Design Ideas with EAGLE,,
https://www.mepits.com/tutorial/426/Electrical/How-to-design-a-Step-up-and-Step-Down-Auto-transformer?-, How to design a Step up and Step Down Auto transformer?,,
https://www.mepits.com/tutorial/425/Android/Types-of-Mobile-Operating-Systems, Types of Mobile Operating Systems,,
https://www.mepits.com/tutorial/422/Basic-Electronics/Spintronics, Spintronics,,
https://www.mepits.com/tutorial/421/VLSI/System-on-Chip, System on Chip,,
https://www.mepits.com/tutorial/419/Electronics-Devices/LIDAR-, LIDAR,,
https://www.mepits.com/tutorial/418/Electrical/Tips-and-Tricks:-Transformer-, Tips and Tricks: Transformer,,
https://www.mepits.com/tutorial/417/Biomedical/Iris-Scanning, Iris Scanning,,
https://www.mepits.com/tutorial/416/Biomedical/CT-Scanning, CT Scanning,,
https://www.mepits.com/tutorial/415/Communication/Radar, Radar,,
https://www.mepits.com/tutorial/413/Basic-Electronics/Smart-Cards, Smart Cards,,
"https://www.mepits.com/tutorial/407/Active-Component/Transistor,-FET-Biasing", Transistor, FET Biasing,
https://www.mepits.com/tutorial/406/Basic-Electronics/PLL, PLL,,
https://www.mepits.com/tutorial/405/Communication/Software-Defined-Radio, Software Defined Radio,,
https://www.mepits.com/tutorial/404/Basic-Electronics/Resonator, Resonator,,
https://www.mepits.com/tutorial/403/Trending-Technologies/Project-Oxygen, Project Oxygen,,
https://www.mepits.com/tutorial/402/Trending-Technologies/WiSee, WiSee,,
https://www.mepits.com/tutorial/401/Basic-Electronics/LASER, LASER,,
https://www.mepits.com/tutorial/399/Electrical/DC-Generator, DC Generator,,
https://www.mepits.com/tutorial/397/VLSI/Chameleon-Chip, Chameleon Chip,,
https://www.mepits.com/tutorial/396/DSP/Watermarking, Watermarking,,
https://www.mepits.com/tutorial/393/Electrical/Circuit-Breaker, Circuit Breaker,,
https://www.mepits.com/tutorial/391/Communication/Internet-of-Things, Internet of Things,,
https://www.mepits.com/tutorial/390/VLSI/Clean-room, Clean room,,
https://www.mepits.com/tutorial/389/Trending-Technologies/Smart-Dust, Smart Dust,,
https://www.mepits.com/tutorial/388/Basic-Electronics/Number-System-Conversions, Number System Conversions,,
https://www.mepits.com/tutorial/387/Biomedical/Bionic-Human, Bionic Human,,
https://www.mepits.com/tutorial/384/VLSI/Steps-for-IC-manufacturing, Steps for IC manufacturing,,
https://www.mepits.com/tutorial/383/Trending-Technologies/Whispering-Gallery, Whispering Gallery,,
https://www.mepits.com/tutorial/382/Basic-Electronics/Waveguides, Waveguides,,
https://www.mepits.com/tutorial/379/Electrical/Motor-Driver-, Motor Driver,,
https://www.mepits.com/tutorial/374/Electrical/How-to-choose-the-right-solar-inverter-and-battery-at-home?, How to choose the right solar inverter and battery at home?,,
https://www.mepits.com/tutorial/373/Trending-Technologies/Motion-Powered-Electronics, Motion Powered Electronics,,
"https://www.mepits.com/tutorial/370/Basic-Electronics/A-Simple-Guide:-To-Make-a-PCB-at-Home-,-To-Solder-Components-to-PCB", A Simple Guide: To Make a PCB at Home , To Solder Components to PCB,
https://www.mepits.com/tutorial/369/Trending-Technologies/Robo-Pancreas:-An-Artificial-Pancreas, Robo-Pancreas: An Artificial Pancreas,,
https://www.mepits.com/tutorial/364/Basic-Electronics/Graphene-Electronics--Latest-Developments, Graphene Electronics- Latest Developments,,
https://www.mepits.com/tutorial/363/Android/SmartWatch-Operating-Systems, SmartWatch Operating Systems,,
https://www.mepits.com/tutorial/361/Trending-Technologies/Valleytronics, Valleytronics,,
https://www.mepits.com/tutorial/360/Trending-Technologies/Powerwall-, Powerwall,,
https://www.mepits.com/tutorial/355/Trending-Technologies/Quantum-Computing, Quantum Computing,,
https://www.mepits.com/tutorial/354/Trending-Technologies/Printed-Electronics---An-Innovation-To-Printed-Circuits, Printed Electronics - An Innovation To Printed Circuits,,
https://www.mepits.com/tutorial/346/Nanotechnology/Nanotube-RFID, Nanotube RFID,,
https://www.mepits.com/tutorial/345/AVR/-8051/RFID-Interfacing-with-8051-Microcontroller, RFID Interfacing with 8051 Microcontroller,,
"https://www.mepits.com/tutorial/344/PIC/Peripheral-Interface-Controller,-Best-for-DIY-Projects", Peripheral Interface Controller, Best for DIY Projects,
"https://www.mepits.com/tutorial/343/Trending-Technologies/Microsoft-HoloLens,-Windows-10", Microsoft HoloLens, Windows 10,
https://www.mepits.com/tutorial/342/VLSI/Moletronics--Technology-After-ULSI, Moletronics- Technology After ULSI,,
https://www.mepits.com/tutorial/337/Communication/Vital-Radio:-A-Smart-Home-Technology-Monitoring-Health-Status, Vital-Radio: A Smart Home Technology Monitoring Health Status,,
https://www.mepits.com/tutorial/334/Trending-Technologies/Wearable-Tech---BrainPort-Vision-Device-Technology-for-the-Blind, Wearable Tech - BrainPort Vision Device Technology for the Blind,,
https://www.mepits.com/tutorial/333/DSP/Adaptive-Brain-Interface, Adaptive Brain Interface,,
https://www.mepits.com/tutorial/332/AVR/-8051/How-to-interface-computers-Serial-Port-(RS232)-with-Atmel-AT89S51/89S52-Microcontroller?, How to interface computers Serial Port (RS232) with Atmel AT89S51/89S52 Microcontroller?,,
https://www.mepits.com/tutorial/327/Electrical/Solar-Water-Heater--Device-Utillizing-Solar-Energy, Solar Water Heater- Device Utillizing Solar Energy,,
https://www.mepits.com/tutorial/326/Communication/Mobile-Phone-Jammer-How-it-works?-Application-Sectors, Mobile Phone Jammer-How it works? Application Sectors,,
https://www.mepits.com/tutorial/322/Nanotechnology/Nanoparticles-for-Targeted-Drug-Delivery, Nanoparticles for Targeted Drug Delivery,,
https://www.mepits.com/tutorial/321/Trending-Technologies/Zero-Touch:-Next-Generation-Multi-Touch-System, Zero Touch: Next Generation Multi-Touch System,,
"https://www.mepits.com/tutorial/316/Communication/Set-top-box-Hardware-Components-,-How-to-connect-set-top-box-to-TV?", Set top box Hardware Components , How to connect set top box to TV?,
https://www.mepits.com/tutorial/314/Trending-Technologies/Smart-Keyboard, Smart Keyboard,,
https://www.mepits.com/tutorial/313/Trending-Technologies/Digital-Pen-and-Paper, Digital Pen and Paper,,
https://www.mepits.com/tutorial/305/Robotics/Wearable-Device---Learn-Skating-with-Rollkers-Motorized-Skates, Wearable Device - Learn Skating with Rollkers Motorized Skates,,
https://www.mepits.com/tutorial/304/Robotics/Tutorial---What-is-Mechatronics?, Tutorial - What is Mechatronics?,,
https://www.mepits.com/tutorial/303/Instrumentation/Sensors, Sensors,,
https://www.mepits.com/tutorial/301/ARM/Interfacing-on-NXP-LPC2378-ARM7---LCD, Interfacing on NXP LPC2378 ARM7 - LCD,,
https://www.mepits.com/tutorial/300/Embedded-System/RTOS---Real-Time-Operating-System-, RTOS - Real Time Operating System,,
https://www.mepits.com/tutorial/299/Embedded-System/Embedded-Systems-in-Automobiles---A-Boon-to-Automobile-Industry, Embedded Systems in Automobiles - A Boon to Automobile Industry,,
"https://www.mepits.com/tutorial/297/AVR/-8051/Interfacing-On-Atmel-Microcontroller-AT89S51/52/53-Development-Board-7-segment-Display,-LCD,-Buzzer", Interfacing On Atmel Microcontroller AT89S51/52/53 Development Board-7 segment Display, LCD, Buzzer
https://www.mepits.com/tutorial/296/DSP/Digital-Light-Processing, Digital Light Processing,,
https://www.mepits.com/tutorial/291/Basic-Electronics/Ring-and-Johnson-Counter, Ring and Johnson Counter,,
"https://www.mepits.com/tutorial/290/Trending-Technologies/Walk-N-Charge,-New-Technology", Walk N Charge, New Technology,
https://www.mepits.com/tutorial/289/Basic-Electronics/Tips-and-Tricks:-Working-with-Wires-, Tips and Tricks: Working with Wires,,
"https://www.mepits.com/tutorial/288/AVR/-8051/8051-Microcontroller,-Embedded-C-Programming", 8051 Microcontroller, Embedded C Programming,
"https://www.mepits.com/tutorial/287/Biomedical/Medical-Electronics,-Present-and-Future-Technology", Medical Electronics, Present and Future Technology,
https://www.mepits.com/tutorial/286/VLSI/Neuromorphic-Chip, Neuromorphic Chip,,
"https://www.mepits.com/tutorial/285/Basic-Electronics/Electronic-Color-Code--Capacitor,-Resistor-Color-Code", Electronic Color Code- Capacitor, Resistor Color Code,
https://www.mepits.com/tutorial/284/Biomedical/Applications-of-Haptic-Technology, Applications of Haptic Technology,,
https://www.mepits.com/tutorial/283/Matlab/Graphical-User-Interface, Graphical User Interface,,
"https://www.mepits.com/tutorial/282/VLSI/Organic-Microprocessor,-Latest-Processor", Organic Microprocessor, Latest Processor,
https://www.mepits.com/tutorial/281/Communication/SIM-Card, SIM Card,,
"https://www.mepits.com/tutorial/280/Communication/Terabit-Ethernet,-Future-Technology", Terabit Ethernet, Future Technology,
https://www.mepits.com/tutorial/279/Basic-Electronics/Memristor, Memristor,,
https://www.mepits.com/tutorial/278/Basic-Electronics/3D-Camera-and-3D-Scanner, 3D Camera and 3D Scanner,,
https://www.mepits.com/tutorial/277/Basic-Electronics/Organic-Electronics--Transform-The-Way-to-Interact-With-New-Technology, Organic Electronics- Transform The Way to Interact With New Technology,,
"https://www.mepits.com/tutorial/276/Basic-Electronics/Human-Machine-Interface,-HMI", Human Machine Interface, HMI,
"https://www.mepits.com/tutorial/275/Trending-Technologies/Project-Loon,-Internet-For-Everyone", Project Loon, Internet For Everyone,
"https://www.mepits.com/tutorial/273/Basic-Electronics/Display-and-their-Types--Current,-Emerging-Display-Technologies", Display and their Types- Current, Emerging Display Technologies,
https://www.mepits.com/tutorial/272/Trending-Technologies/Holographic-Display, Holographic Display,,
https://www.mepits.com/tutorial/271/Wireless/Tips-and-Tricks:-Wireless-Home-Networking, Tips and Tricks: Wireless Home Networking,,
https://www.mepits.com/tutorial/270/Trending-Technologies/Application-of-3D-printing, Application of 3D printing,,
"https://www.mepits.com/tutorial/269/Trending-Technologies/Flexible-electronics,-New-Technology-for-Flexible-Devices", Flexible electronics, New Technology for Flexible Devices,
https://www.mepits.com/tutorial/268/Trending-Technologies/Braingate-Brain-Computer-Interface-System, Braingate-Brain Computer Interface System,,
https://www.mepits.com/tutorial/266/Communication/WiMAX---Worldwide-Interoperability-for-Microwave-Access, WiMAX - Worldwide Interoperability for Microwave Access,,
"https://www.mepits.com/tutorial/264/Trending-Technologies/Nanobuds,-Touch-Sensor-", Nanobuds, Touch Sensor,
https://www.mepits.com/tutorial/262/Trending-Technologies/Electronic-Nose-Based-on-Sensor-Technology, Electronic Nose Based on Sensor Technology,,
https://www.mepits.com/tutorial/261/VLSI/Emerging-Memory-Technologies, Emerging Memory Technologies,,
https://www.mepits.com/tutorial/259/Arduino/Intel-Galileo-%E2%80%93-Best-Development-Board-for-DIY-Projects, Intel Galileo – Best Development Board for DIY Projects,,
https://www.mepits.com/tutorial/258/Android/How-to-Use-UDOO, How to Use UDOO,,
https://www.mepits.com/tutorial/257/Robotics/New-Trends-in-Robotics, New Trends in Robotics,,
https://www.mepits.com/tutorial/256/Communication/GPRS-Technology, GPRS Technology,,
https://www.mepits.com/tutorial/255/VLSI/MEMS-, MEMS,,
https://www.mepits.com/tutorial/254/Wireless/Wireless-Transceiver-Technology-For-Medical-Devices, Wireless Transceiver Technology For Medical Devices,,
"https://www.mepits.com/tutorial/253/Wireless/Latest,-Emerging-Wireless-Technologies-", Latest, Emerging Wireless Technologies,
"https://www.mepits.com/tutorial/252/Instrumentation/DCS,-Industrial-Control-System", DCS, Industrial Control System,
"https://www.mepits.com/tutorial/251/Trending-Technologies/Biochip,-New-Technology", Biochip, New Technology,
https://www.mepits.com/tutorial/250/Basic-Electronics/How-LCD-TV-Works?, How LCD TV Works?,,
https://www.mepits.com/tutorial/248/Trending-Technologies/The-Miracles-of-Water-Based-Nuclear-Powered-Battery, The Miracles of Water Based Nuclear Powered Battery,,
https://www.mepits.com/tutorial/247/Electrical/Bio-battery-%E2%80%93-The-battery-of-future, Bio battery – The battery of future,,
https://www.mepits.com/tutorial/246/Electrical/Types-of-battery-chargers-and-their-working, Types of battery chargers and their working,,
https://www.mepits.com/tutorial/245/Electronics-Devices/Proximity-Sensors-Can-Sensors-Detect-Presence-of-Objects-Without-Contact?, Proximity Sensors-Can Sensors Detect Presence of Objects Without Contact?,,
https://www.mepits.com/tutorial/244/Trending-Technologies/Using-the-Perovskite-Solar-Cell-in-Our-Life, Using the Perovskite Solar Cell in Our Life,,
https://www.mepits.com/tutorial/243/Active-Component/Tunnel-Diode-Type-of-Semiconductor-Diode, Tunnel Diode-Type of Semiconductor Diode,,
https://www.mepits.com/tutorial/242/Electrical/Quantum-Solar-Cell--A-Boon-in-the-World-of-Solar-Panels, Quantum Solar Cell- A Boon in the World of Solar Panels,,
https://www.mepits.com/tutorial/241/Communication/Smart-Antenna, Smart Antenna,,
https://www.mepits.com/tutorial/239/Basic-Electronics/RFID--A-Technology-Better-Than-Barcodes, RFID- A Technology Better Than Barcodes,,
https://www.mepits.com/tutorial/238/Basic-Electronics/Internal-Structure-of-Pendrive, Internal Structure of Pendrive,,
https://www.mepits.com/tutorial/237/New-Technology/Printer-Types, Printer Types,,
"https://www.mepits.com/tutorial/236/DSP/DSLR-Camera,-Have-a-different-Vision", DSLR Camera, Have a different Vision,
https://www.mepits.com/tutorial/234/Electrical/Transformer-Basics-and-Types, Transformer Basics and Types,,
https://www.mepits.com/tutorial/233/Instrumentation/PLC, PLC,,
https://www.mepits.com/tutorial/231/Electrical/Megger-And-Its-types, Megger And Its types,,
https://www.mepits.com/tutorial/229/Instrumentation/Pen---Digital-Pen-And-Active-Pen, Pen - Digital Pen And Active Pen,,
https://www.mepits.com/tutorial/226/Trending-Technologies/Light-Emitting-Polymer, Light Emitting Polymer,,
https://www.mepits.com/tutorial/225/Electrical/ELCB--Device-For-Earth-Leakage-Protection, ELCB- Device For Earth Leakage Protection,,
https://www.mepits.com/tutorial/224/Basic-Electronics/Charge-Coupled-Device-(CCD)-, Charge-Coupled Device (CCD),,
https://www.mepits.com/tutorial/223/Communication/HSDPA, HSDPA,,
https://www.mepits.com/tutorial/222/Electrical/Transducer, Transducer,,
https://www.mepits.com/tutorial/221/Electrical/Incandescent-Light-Bulb, Incandescent Light Bulb,,
https://www.mepits.com/tutorial/220/Electrical/Single-Phase-Induction-Motor, Single Phase Induction Motor,,
https://www.mepits.com/tutorial/209/Electrical/Switched-Mode-Power-Supply, Switched Mode Power Supply,,
https://www.mepits.com/tutorial/208/Communication/Orthogonal-Frequency-Division-Multiplexing-, Orthogonal Frequency Division Multiplexing,,
https://www.mepits.com/tutorial/207/VLSI/NOC-vs-SOC, NOC vs SOC,,
https://www.mepits.com/tutorial/206/Trending-Technologies/Bionic-Eye, Bionic Eye,,
https://www.mepits.com/tutorial/205/Trending-Technologies/Jetpack-and-Its-Types, Jetpack and Its Types,,
https://www.mepits.com/tutorial/204/Electrical/DC-Motor, DC Motor,,
https://www.mepits.com/tutorial/203/Basic-Electronics/Simple-Ways-to-Learn-Network-Analysis-Using-Circuit-Theorems, Simple Ways to Learn Network Analysis Using Circuit Theorems,,
https://www.mepits.com/tutorial/201/Electrical/Kirchoffs-Law, Kirchoffs Law,,
https://www.mepits.com/tutorial/200/Electrical/Windmill, Windmill,,
https://www.mepits.com/tutorial/198/Biomedical/Smart-Tattoos, Smart Tattoos,,
https://www.mepits.com/tutorial/197/Trending-Technologies/OLED, OLED,,
https://www.mepits.com/tutorial/196/Biomedical/Powered-Exoskeletons, Powered Exoskeletons,,
https://www.mepits.com/tutorial/195/Trending-Technologies/Bionic-Fingers, Bionic Fingers,,
https://www.mepits.com/tutorial/194/ARM/ARM, ARM,,
https://www.mepits.com/tutorial/193/Basic-Electronics/Smart-Sensors, Smart Sensors,,
https://www.mepits.com/tutorial/191/Trending-Technologies/Augmented-Reality, Augmented Reality,,
https://www.mepits.com/tutorial/190/VLSI/3D-IC, 3D IC,,
https://www.mepits.com/tutorial/189/DSP/Non-Visible-Imaging, Non-Visible Imaging,,
https://www.mepits.com/tutorial/188/Android/Android-v/s-Windows, Android v/s Windows,,
https://www.mepits.com/tutorial/187/Basic-Electronics/Transparent-Electronics, Transparent Electronics,,
https://www.mepits.com/tutorial/186/Trending-Technologies/Smart-Watch, Smart Watch,,
https://www.mepits.com/tutorial/184/Trending-Technologies/Golden-i-3.8-%E2%80%93-Wearable-Computer, Golden-i 3.8 – Wearable Computer,,
https://www.mepits.com/tutorial/183/VLSI/NRAM-, NRAM,,
https://www.mepits.com/tutorial/182/Trending-Technologies/Artificial-Skin, Artificial Skin,,
https://www.mepits.com/tutorial/181/Trending-Technologies/3D-TV, 3D TV,,
https://www.mepits.com/tutorial/180/Biomedical/Wearable-Biosensors, Wearable Biosensors,,
https://www.mepits.com/tutorial/179/Trending-Technologies/Google-Driverless-Car--Self-Driving-Car, Google Driverless Car- Self Driving Car,,
https://www.mepits.com/tutorial/178/Trending-Technologies/Nano-Robotics, Nano Robotics,,
https://www.mepits.com/tutorial/177/Trending-Technologies/Audio-Spot-Light, Audio Spot Light,,
https://www.mepits.com/tutorial/176/Biomedical/Medical-Mirror, Medical Mirror,,
"https://www.mepits.com/tutorial/175/Communication/5G,-Mobile-Technology", 5G, Mobile Technology,
https://www.mepits.com/tutorial/174/DSP/Sixth-Sense, Sixth Sense,,
https://www.mepits.com/tutorial/173/Biomedical/BCI---Brain-Computer-Interface, BCI - Brain Computer Interface,,
https://www.mepits.com/tutorial/171/Biomedical/Electronic-Pill, Electronic Pill,,
https://www.mepits.com/tutorial/170/Electrical/UPS, UPS,,
https://www.mepits.com/tutorial/169/VLSI/Application-Specific-Integrated-Circuit, Application Specific Integrated Circuit,,
https://www.mepits.com/tutorial/166/Communication/Li-Fi, Li-Fi,,
https://www.mepits.com/tutorial/162/Electrical/Solar-Panels, Solar Panels,,
https://www.mepits.com/tutorial/156/Embedded-System/Embedded-System, Embedded System,,
"https://www.mepits.com/tutorial/148/Communication/CDMA,-Code-Division-Multiple-Access", CDMA, Code Division Multiple Access,
https://www.mepits.com/tutorial/147/VLSI/Advanced-Microcontroller-Bus-Architecture, Advanced Microcontroller Bus Architecture,,
https://www.mepits.com/tutorial/144/Communication/Antenna, Antenna,,
https://www.mepits.com/tutorial/143/VLSI/Hardware-Description-Language, Hardware Description Language,,
https://www.mepits.com/tutorial/142/Communication/HDMI, HDMI,,
https://www.mepits.com/tutorial/141/Communication/UART, UART,,
https://www.mepits.com/tutorial/140/Communication/GSM, GSM,,
https://www.mepits.com/tutorial/137/Basic-Electronics/Memory, Memory,,
https://www.mepits.com/tutorial/134/Basic-Electronics/Electronic-Instruments-Commonly-used-in-Electronics-Lab, Electronic Instruments Commonly used in Electronics Lab,,
https://www.mepits.com/tutorial/127/Basic-Electronics/Astable-and-Monostable-Multivibrator-Using-555-Timer-IC, Astable and Monostable Multivibrator Using 555 Timer IC,,
https://www.mepits.com/tutorial/125/Electrical/Isolator, Isolator,,
https://www.mepits.com/tutorial/124/Basic-Electronics/Oscillators, Oscillators,,
https://www.mepits.com/tutorial/123/VLSI/Integrated-Circuit, Integrated Circuit,,
https://www.mepits.com/tutorial/116/Communication/CAN-Bus, CAN Bus,,
"https://www.mepits.com/tutorial/112/Electrical/Wireless-Electricity,-A-future-form-of-Power-Transmission-Using-Inductive-Coupling", Wireless Electricity, A future form of Power Transmission Using Inductive Coupling,
https://www.mepits.com/tutorial/103/Active-Component/Unijunction-transistor, Unijunction transistor,,
https://www.mepits.com/tutorial/102/Basic-Electronics/ADC, ADC,,
https://www.mepits.com/tutorial/101/AVR/-8051/Depths-of-Atmel-Atmega, Depths of Atmel Atmega,,
https://www.mepits.com/tutorial/99/AVR/-8051/Hardware-Programmers-for-Microcontrollers, Hardware Programmers for Microcontrollers,,
https://www.mepits.com/tutorial/93/Basic-Electronics/Voltage-regulators, Voltage regulators,,
https://www.mepits.com/tutorial/91/Active-Component/Triac-, Triac,,
https://www.mepits.com/tutorial/80/VLSI/Programmable-Logic-Device-(PLD), Programmable Logic Device (PLD),,
https://www.mepits.com/tutorial/72/Passive-Component/Resistors, Resistors,,
https://www.mepits.com/tutorial/68/Active-Component/Inductor, Inductor,,
https://www.mepits.com/tutorial/65/Passive-Component/Capacitors, Capacitors,,
https://www.mepits.com/tutorial/64/Communication/USB, USB,,
https://www.mepits.com/tutorial/39/Communication/Communication-System, Communication System,,
https://www.mepits.com/tutorial/32/Active-Component/SCR, SCR,,
"https://www.mepits.com/tutorial/29/Basic-Electronics/Logic-Families---TTL,-CMOS,-ECL", Logic Families - TTL, CMOS, ECL
https://www.mepits.com/tutorial/27/Active-Component/MOSFET-Transistor---Electronic-Component, MOSFET Transistor - Electronic Component,,
https://www.mepits.com/tutorial/26/Active-Component/JFET---Electronic-Component, JFET - Electronic Component,,
"https://www.mepits.com/tutorial/25/Active-Component/Bipolar-Junction-Transistor---NPN-Transistor,-PNP-Transistor", Bipolar Junction Transistor - NPN Transistor, PNP Transistor,
"https://www.mepits.com/tutorial/22/Basic-Electronics/Zener-Diode-Tutorial---Working,-Applications", Zener Diode Tutorial - Working, Applications,
